State,District,LocationType,SyncId,Active
DELHI,CENTRAL DELHI,DISTRICT,,1
DELHI,EAST DELHI,DISTRICT,,1
DELHI,NEW DELHI,DISTRICT,,1
DELHI,NORTH DELHI,DISTRICT,,1
DELHI,NORTH EAST DELHI,DISTRICT,,1
DELHI,NORTH WEST DELHI,DISTRICT,,1
DELHI,SHAHDARA,DISTRICT,,1
DELHI,SOUTH DELHI,DISTRICT,,1
DELHI,SOUTH EAST DELHI,DISTRICT,,1
DELHI,SOUTH WEST DELHI,DISTRICT,,1
DELHI,WEST DELHI,DISTRICT,,1
Andaman und Nico.In.,NICOBAR,DISTRICT,,1
Andaman und Nico.In.,NORTH AND MIDDLE ANDAMAN,DISTRICT,,1
Andaman und Nico.In.,SOUTH ANDAMAN,DISTRICT,,1
ANDRA PRADESH,ANANTHAPUR,DISTRICT,,1
ANDRA PRADESH,CHITTOOR,DISTRICT,,1
ANDRA PRADESH,CUDDAPAH,DISTRICT,,1
ANDRA PRADESH,EAST GODAVARI,DISTRICT,,1
ANDRA PRADESH,GUNTUR,DISTRICT,,1
ANDRA PRADESH,KRISHNA,DISTRICT,,1
ANDRA PRADESH,KURNOOL,DISTRICT,,1
ANDRA PRADESH,NELLORE,DISTRICT,,1
ANDRA PRADESH,SRIKAKULAM,DISTRICT,,1
ANDRA PRADESH,VISAKHAPATNAM,DISTRICT,,1
ANDRA PRADESH,VIZIANAGARAM,DISTRICT,,1
ANDRA PRADESH,WEST GODAVARI,DISTRICT,,1
Arunachal Pradesh,ANJAW,DISTRICT,,1
Arunachal Pradesh,CHANGLANG,DISTRICT,,1
Arunachal Pradesh,EAST KAMENG,DISTRICT,,1
Arunachal Pradesh,EAST SIANG,DISTRICT,,1
Arunachal Pradesh,KRA DAADI,DISTRICT,,1
Arunachal Pradesh,KURUNG KUMEY,DISTRICT,,1
Arunachal Pradesh,LOHIT,DISTRICT,,1
Arunachal Pradesh,LONGDING,DISTRICT,,1
Arunachal Pradesh,LOWER DIBANG VALLEY,DISTRICT,,1
Arunachal Pradesh,LOWER SUBANSIRI,DISTRICT,,1
Arunachal Pradesh,NAMSAI,DISTRICT,,1
Arunachal Pradesh,PAPUM PARE,DISTRICT,,1
Arunachal Pradesh,TAWANG,DISTRICT,,1
Arunachal Pradesh,TIRAP,DISTRICT,,1
Arunachal Pradesh,UPPER DIBANG VALLEY,DISTRICT,,1
Arunachal Pradesh,UPPER SIANG,DISTRICT,,1
Arunachal Pradesh,UPPER SUBANSIRI,DISTRICT,,1
Arunachal Pradesh,WEST KAMENG,DISTRICT,,1
Arunachal Pradesh,WEST SIANG,DISTRICT,,1
Assam,BAKSA,DISTRICT,,1
Assam,BARPETA,DISTRICT,,1
Assam,BONGAIGAON,DISTRICT,,1
Assam,CACHAR,DISTRICT,,1
Assam,CHIRANG,DISTRICT,,1
Assam,DARRANG,DISTRICT,,1
Assam,DHEMAJI,DISTRICT,,1
Assam,DHUBRI,DISTRICT,,1
Assam,DIBRUGARH,DISTRICT,,1
Assam,DIMA HASAO,DISTRICT,,1
Assam,GOALPARA,DISTRICT,,1
Assam,GOLAGHAT,DISTRICT,,1
Assam,HAILAKANDI,DISTRICT,,1
Assam,JORHAT,DISTRICT,,1
Assam,KAMRUP,DISTRICT,,1
Assam,KAMRUP METROPOLITAN,DISTRICT,,1
Assam,KARBI ANGLONG,DISTRICT,,1
Assam,KARIMGANJ,DISTRICT,,1
Assam,KOKRAJHAR,DISTRICT,,1
Assam,LAKHIMPUR,DISTRICT,,1
Assam,MORIGAON,DISTRICT,,1
Assam,NAGAON,DISTRICT,,1
Assam,NALBARI,DISTRICT,,1
Assam,SIVASAGAR,DISTRICT,,1
Assam,SONITPUR,DISTRICT,,1
Assam,TINSUKIA,DISTRICT,,1
Assam,UDALGURI,DISTRICT,,1
Bihar,ARARIA,DISTRICT,,1
Bihar,ARWAL,DISTRICT,,1
Bihar,AURANGABAD,DISTRICT,,1
Bihar,BANKA,DISTRICT,,1
Bihar,BEGUSARAI,DISTRICT,,1
Bihar,BHAGALPUR,DISTRICT,,1
Bihar,BHOJPUR,DISTRICT,,1
Bihar,BUXAR,DISTRICT,,1
Bihar,DARBHANGA,DISTRICT,,1
Bihar,EAST CHAMPARAN (MOTIHARI),DISTRICT,,1
Bihar,GAYA,DISTRICT,,1
Bihar,GOPALGANJ,DISTRICT,,1
Bihar,JAMUI,DISTRICT,,1
Bihar,JEHANABAD,DISTRICT,,1
Bihar,KAIMUR (BHABUA),DISTRICT,,1
Bihar,KATIHAR,DISTRICT,,1
Bihar,KHAGARIA,DISTRICT,,1
Bihar,KISHANGANJ,DISTRICT,,1
Bihar,LAKHISARAI,DISTRICT,,1
Bihar,MADHEPURA,DISTRICT,,1
Bihar,MADHUBANI,DISTRICT,,1
Bihar,MUNGER (MONGHYR),DISTRICT,,1
Bihar,MUZAFFARPUR,DISTRICT,,1
Bihar,NALANDA,DISTRICT,,1
Bihar,NAWADA,DISTRICT,,1
Bihar,PATNA,DISTRICT,,1
Bihar,PURNIA (PURNEA),DISTRICT,,1
Bihar,ROHTAS,DISTRICT,,1
Bihar,SAHARSA,DISTRICT,,1
Bihar,SAMASTIPUR,DISTRICT,,1
Bihar,SARAN,DISTRICT,,1
Bihar,SHEIKHPURA,DISTRICT,,1
Bihar,SHEOHAR,DISTRICT,,1
Bihar,SITAMARHI,DISTRICT,,1
Bihar,SIWAN,DISTRICT,,1
Bihar,SUPAUL,DISTRICT,,1
Bihar,VAISHALI,DISTRICT,,1
Bihar,WEST CHAMPARAN,DISTRICT,,1
Chandigarh,CHANDIGARH,DISTRICT,,1
CHHAATTISGARH,BALOD,DISTRICT,,1
CHHAATTISGARH,BALODA BAZAR,DISTRICT,,1
CHHAATTISGARH,BALRAMPUR,DISTRICT,,1
CHHAATTISGARH,BASTAR,DISTRICT,,1
CHHAATTISGARH,BEMETARA,DISTRICT,,1
CHHAATTISGARH,BIJAPUR,DISTRICT,,1
CHHAATTISGARH,BILASPUR,DISTRICT,,1
CHHAATTISGARH,DANTEWADA,DISTRICT,,1
CHHAATTISGARH,DHAMTARI,DISTRICT,,1
CHHAATTISGARH,DURG,DISTRICT,,1
CHHAATTISGARH,GARIABAND,DISTRICT,,1
CHHAATTISGARH,JANJGIR-CHAMPA,DISTRICT,,1
CHHAATTISGARH,JASHPUR,DISTRICT,,1
CHHAATTISGARH,KABIRDHAM,DISTRICT,,1
CHHAATTISGARH,KANKER,DISTRICT,,1
CHHAATTISGARH,KONDAGAON,DISTRICT,,1
CHHAATTISGARH,KORBA,DISTRICT,,1
CHHAATTISGARH,KORIYA,DISTRICT,,1
CHHAATTISGARH,MAHASAMUND,DISTRICT,,1
CHHAATTISGARH,MUNGELI,DISTRICT,,1
CHHAATTISGARH,NARAYANPUR,DISTRICT,,1
CHHAATTISGARH,RAIGARH,DISTRICT,,1
CHHAATTISGARH,RAIPUR,DISTRICT,,1
CHHAATTISGARH,RAJNANDGAON,DISTRICT,,1
CHHAATTISGARH,SUKMA,DISTRICT,,1
CHHAATTISGARH,SURAJPUR,DISTRICT,,1
CHHAATTISGARH,SURGUJA,DISTRICT,,1
Daman und Diu,DAMAN,DISTRICT,,1
Daman und Diu,DIU,DISTRICT,,1
DADRA & NAGAR HAVELI,DADRA & NAGAR HAVELI,DISTRICT,,1
Goa,NORTH GOA,DISTRICT,,1
Goa,SOUTH GOA,DISTRICT,,1
Gujarat,AHMEDABAD,DISTRICT,,1
Gujarat,AMRELI,DISTRICT,,1
Gujarat,ANAND,DISTRICT,,1
Gujarat,ARAVALLI,DISTRICT,,1
Gujarat,BANASKANTHA,DISTRICT,,1
Gujarat,BHARUCH,DISTRICT,,1
Gujarat,BHAVNAGAR,DISTRICT,,1
Gujarat,BOTAD,DISTRICT,,1
Gujarat,CHHOTA UDAIPUR,DISTRICT,,1
Gujarat,DAHOD,DISTRICT,,1
Gujarat,DANG,DISTRICT,,1
Gujarat,GANDHINAGAR,DISTRICT,,1
Gujarat,JAMNAGAR,DISTRICT,,1
Gujarat,JUNAGADH,DISTRICT,,1
Gujarat,KHAMBHALIA,DISTRICT,,1
Gujarat,KHEDA,DISTRICT,,1
Gujarat,KUTCH,DISTRICT,,1
Gujarat,MAHISAGAR,DISTRICT,,1
Gujarat,MEHSANA,DISTRICT,,1
Gujarat,MORBI,DISTRICT,,1
Gujarat,NARMADA,DISTRICT,,1
Gujarat,NAVSARI,DISTRICT,,1
Gujarat,PANCHMAHAL,DISTRICT,,1
Gujarat,PATAN,DISTRICT,,1
Gujarat,PORBANDAR,DISTRICT,,1
Gujarat,RAJKOT,DISTRICT,,1
Gujarat,SABARKANTHA,DISTRICT,,1
Gujarat,SURAT,DISTRICT,,1
Gujarat,SURENDRANAGAR,DISTRICT,,1
Gujarat,TAPI,DISTRICT,,1
Gujarat,VADODARA,DISTRICT,,1
Gujarat,VALSAD,DISTRICT,,1
Gujarat,VERAVAL,DISTRICT,,1
Himachal Pradesh,BILASPUR,DISTRICT,,1
Himachal Pradesh,CHAMBA,DISTRICT,,1
Himachal Pradesh,HAMIRPUR,DISTRICT,,1
Himachal Pradesh,KANGRA,DISTRICT,,1
Himachal Pradesh,KINNAUR,DISTRICT,,1
Himachal Pradesh,KULLU,DISTRICT,,1
Himachal Pradesh,LAHAUL AND SPITI,DISTRICT,,1
Himachal Pradesh,MANDI,DISTRICT,,1
Himachal Pradesh,SHIMLA,DISTRICT,,1
Himachal Pradesh,SIRMAUR,DISTRICT,,1
Himachal Pradesh,SOLAN,DISTRICT,,1
Himachal Pradesh,UNA,DISTRICT,,1
Haryana,AMBALA,DISTRICT,,1
Haryana,BHIWANI,DISTRICT,,1
Haryana,FARIDABAD,DISTRICT,,1
Haryana,FATEHABAD,DISTRICT,,1
Haryana,GURGAON,DISTRICT,,1
Haryana,HISAR,DISTRICT,,1
Haryana,JHAJJAR,DISTRICT,,1
Haryana,JIND,DISTRICT,,1
Haryana,KAITHAL,DISTRICT,,1
Haryana,KARNAL,DISTRICT,,1
Haryana,KURUKSHETRA,DISTRICT,,1
Haryana,MAHENDRAGARH,DISTRICT,,1
Haryana,MEWAT,DISTRICT,,1
Haryana,PALWAL,DISTRICT,,1
Haryana,PANCHKULA,DISTRICT,,1
Haryana,PANIPAT,DISTRICT,,1
Haryana,REWARI,DISTRICT,,1
Haryana,ROHTAK,DISTRICT,,1
Haryana,SIRSA,DISTRICT,,1
Haryana,SONIPAT,DISTRICT,,1
Haryana,YAMUNANAGAR,DISTRICT,,1
Jharkhand,BOKARO,DISTRICT,,1
Jharkhand,CHATRA,DISTRICT,,1
Jharkhand,DEOGHAR,DISTRICT,,1
Jharkhand,DHANBAD,DISTRICT,,1
Jharkhand,DUMKA,DISTRICT,,1
Jharkhand,EAST SINGHBHUM,DISTRICT,,1
Jharkhand,GARHWA,DISTRICT,,1
Jharkhand,GIRIDIH,DISTRICT,,1
Jharkhand,GODDA,DISTRICT,,1
Jharkhand,GUMLA,DISTRICT,,1
Jharkhand,HAZARIBAGH,DISTRICT,,1
Jharkhand,JAMTARA,DISTRICT,,1
Jharkhand,KHUNTI,DISTRICT,,1
Jharkhand,KODERMA,DISTRICT,,1
Jharkhand,LATEHAR,DISTRICT,,1
Jharkhand,LOHARDAGA,DISTRICT,,1
Jharkhand,PAKUR,DISTRICT,,1
Jharkhand,PALAMU,DISTRICT,,1
Jharkhand,RAMGARH,DISTRICT,,1
Jharkhand,RANCHI,DISTRICT,,1
Jharkhand,SAHEBGANJ,DISTRICT,,1
Jharkhand,SARAIKELA KHARSAWAN,DISTRICT,,1
Jharkhand,SIMDEGA,DISTRICT,,1
Jharkhand,WEST SINGHBHUM,DISTRICT,,1
JAMMU UND KASHMIR,ANANTNAG,DISTRICT,,1
JAMMU UND KASHMIR,BANDIPORA,DISTRICT,,1
JAMMU UND KASHMIR,BARAMULLA,DISTRICT,,1
JAMMU UND KASHMIR,BUDGAM,DISTRICT,,1
JAMMU UND KASHMIR,DODA,DISTRICT,,1
JAMMU UND KASHMIR,GANDERBAL,DISTRICT,,1
JAMMU UND KASHMIR,JAMMU,DISTRICT,,1
JAMMU UND KASHMIR,KARGIL,DISTRICT,,1
JAMMU UND KASHMIR,KATHUA,DISTRICT,,1
JAMMU UND KASHMIR,KISHTWAR,DISTRICT,,1
JAMMU UND KASHMIR,KULGAM,DISTRICT,,1
JAMMU UND KASHMIR,KUPWARA,DISTRICT,,1
JAMMU UND KASHMIR,LEH,DISTRICT,,1
JAMMU UND KASHMIR,POONCH,DISTRICT,,1
JAMMU UND KASHMIR,PULWAMA,DISTRICT,,1
JAMMU UND KASHMIR,RAJOURI,DISTRICT,,1
JAMMU UND KASHMIR,RAMBAN,DISTRICT,,1
JAMMU UND KASHMIR,REASI,DISTRICT,,1
JAMMU UND KASHMIR,SAMBA,DISTRICT,,1
JAMMU UND KASHMIR,SHOPIAN,DISTRICT,,1
JAMMU UND KASHMIR,SRINAGAR,DISTRICT,,1
JAMMU UND KASHMIR,UDHAMPUR,DISTRICT,,1
Karnataka,BAGALKOT,DISTRICT,,1
Karnataka,BELAGAVI,DISTRICT,,1
Karnataka,BELLARY,DISTRICT,,1
Karnataka,BENGALURU RURAL,DISTRICT,,1
Karnataka,BENGALURU URBAN,DISTRICT,,1
Karnataka,BIDAR,DISTRICT,,1
Karnataka,CHAMARAJANAGAR,DISTRICT,,1
Karnataka,CHIKBALLAPUR,DISTRICT,,1
Karnataka,CHIKKAMAGALURU,DISTRICT,,1
Karnataka,CHITRADURGA,DISTRICT,,1
Karnataka,DAKSHINA KANNADA,DISTRICT,,1
Karnataka,DAVANAGERE,DISTRICT,,1
Karnataka,DHARWAD,DISTRICT,,1
Karnataka,GADAG,DISTRICT,,1
Karnataka,HASSAN,DISTRICT,,1
Karnataka,HAVERI,DISTRICT,,1
Karnataka,KALABURAGI,DISTRICT,,1
Karnataka,KODAGU,DISTRICT,,1
Karnataka,KOLAR,DISTRICT,,1
Karnataka,KOPPAL,DISTRICT,,1
Karnataka,MANDYA,DISTRICT,,1
Karnataka,MYSURU,DISTRICT,,1
Karnataka,RAICHUR,DISTRICT,,1
Karnataka,RAMANAGARA,DISTRICT,,1
Karnataka,SHIVAMOGGA,DISTRICT,,1
Karnataka,TUMAKURU,DISTRICT,,1
Karnataka,UDUPI,DISTRICT,,1
Karnataka,UTTARA KANNADA,DISTRICT,,1
Karnataka,VIJAYAPURA,DISTRICT,,1
Karnataka,YADGIR,DISTRICT,,1
Kerala,ALAPPUZHA,DISTRICT,,1
Kerala,ERNAKULAM,DISTRICT,,1
Kerala,IDUKKI,DISTRICT,,1
Kerala,KANNUR,DISTRICT,,1
Kerala,KASARAGOD,DISTRICT,,1
Kerala,KOLLAM,DISTRICT,,1
Kerala,KOTTAYAM,DISTRICT,,1
Kerala,KOZHIKODE,DISTRICT,,1
Kerala,MALAPPURAM,DISTRICT,,1
Kerala,PALAKKAD,DISTRICT,,1
Kerala,PATHANAMTHITTA,DISTRICT,,1
Kerala,THIRUVANANTHAPURAM,DISTRICT,,1
Kerala,THRISSUR,DISTRICT,,1
Kerala,WAYANAD,DISTRICT,,1
Lakshadweep,LAKSHADWEEP,DISTRICT,,1
Maharashtra,AKOLA,DISTRICT,,1
Maharashtra,AMRAVATI,DISTRICT,,1
Maharashtra,AURANGABAD,DISTRICT,,1
Maharashtra,BEED,DISTRICT,,1
Maharashtra,BHANDARA,DISTRICT,,1
Maharashtra,BULDANA,DISTRICT,,1
Maharashtra,CHANDRAPUR,DISTRICT,,1
Maharashtra,DARBHA,DISTRICT,,1
Maharashtra,DHULE,DISTRICT,,1
Maharashtra,GADCHIROLI,DISTRICT,,1
Maharashtra,GONDIA,DISTRICT,,1
Maharashtra,HINGOLI,DISTRICT,,1
Maharashtra,JALGAON,DISTRICT,,1
Maharashtra,JALNA,DISTRICT,,1
Maharashtra,KOLHAPUR,DISTRICT,,1
Maharashtra,LATUR,DISTRICT,,1
Maharashtra,MUMBAI,DISTRICT,,1
Maharashtra,MUMBAI,DISTRICT,,1
Maharashtra,NAGPUR,DISTRICT,,1
Maharashtra,NANDED,DISTRICT,,1
Maharashtra,NANDURBAR,DISTRICT,,1
Maharashtra,NASHIK,DISTRICT,,1
Maharashtra,OSMANABAD,DISTRICT,,1
Maharashtra,PALGHAR,DISTRICT,,1
Maharashtra,PARBHANI,DISTRICT,,1
Maharashtra,PUNE,DISTRICT,,1
Maharashtra,RAIGAD,DISTRICT,,1
Maharashtra,RATNAGIRI,DISTRICT,,1
Maharashtra,SANGLI,DISTRICT,,1
Maharashtra,SATARA,DISTRICT,,1
Maharashtra,SINDHUDURG,DISTRICT,,1
Maharashtra,SOLAPUR,DISTRICT,,1
Maharashtra,THANE,DISTRICT,,1
Maharashtra,WARDHA,DISTRICT,,1
Maharashtra,WASHIM,DISTRICT,,1
Maharashtra,YAVATMAL,DISTRICT,,1
MEGALAYA,EAST GARO HILLS (WILLIAMNAGAR),DISTRICT,,1
MEGALAYA,EAST JAINTIA HILLS (KHLIEHRIAT),DISTRICT,,1
MEGALAYA,EAST KHASI HILLS (SHILLONG),DISTRICT,,1
MEGALAYA,NORTH GARO HILLS (RESUBELPARA),DISTRICT,,1
MEGALAYA,RI-BHOI (NONGPOH),DISTRICT,,1
MEGALAYA,SOUTH GARO HILLS (BAGHMARA),DISTRICT,,1
MEGALAYA,SOUTH WEST GARO HILLS (AMPATI),DISTRICT,,1
MEGALAYA,SOUTH WEST KHASI HILLS (MAWKYRWAT),DISTRICT,,1
MEGALAYA,WEST GARO HILLS (TURA),DISTRICT,,1
MEGALAYA,WEST JAINTIA HILLS (JOWAI),DISTRICT,,1
MEGALAYA,WEST KHASI HILLS (NONGSTOIN),DISTRICT,,1
Manipur,BISHNUPUR,DISTRICT,,1
Manipur,CHANDEL,DISTRICT,,1
Manipur,CHURACHANDPUR,DISTRICT,,1
Manipur,IMPHAL EAST,DISTRICT,,1
Manipur,IMPHAL WEST,DISTRICT,,1
Manipur,SENAPATI,DISTRICT,,1
Manipur,TAMENGLONG,DISTRICT,,1
Manipur,THOUBAL,DISTRICT,,1
Manipur,UKHRUL,DISTRICT,,1
Madhya Pradesh,AGAR MALWA,DISTRICT,,1
Madhya Pradesh,ALIRAJPUR ,DISTRICT,,1
Madhya Pradesh,ANUPPUR,DISTRICT,,1
Madhya Pradesh,ASHOKNAGAR ,DISTRICT,,1
Madhya Pradesh,BALAGHAT,DISTRICT,,1
Madhya Pradesh,BARWANI,DISTRICT,,1
Madhya Pradesh,BETUL,DISTRICT,,1
Madhya Pradesh,BHIND ,DISTRICT,,1
Madhya Pradesh,BHOPAL ,DISTRICT,,1
Madhya Pradesh,BURHANPUR,DISTRICT,,1
Madhya Pradesh,CHHATARPUR ,DISTRICT,,1
Madhya Pradesh,CHHINDWARA,DISTRICT,,1
Madhya Pradesh,DAMOH,DISTRICT,,1
Madhya Pradesh,DATIA,DISTRICT,,1
Madhya Pradesh,DEWAS ,DISTRICT,,1
Madhya Pradesh,DHAR,DISTRICT,,1
Madhya Pradesh,DINDORI,DISTRICT,,1
Madhya Pradesh,GUNA,DISTRICT,,1
Madhya Pradesh,GWALIOR ,DISTRICT,,1
Madhya Pradesh,HARDA,DISTRICT,,1
Madhya Pradesh,HOSHANGABAD,DISTRICT,,1
Madhya Pradesh,INDORE,DISTRICT,,1
Madhya Pradesh,JABALPUR,DISTRICT,,1
Madhya Pradesh,JHABUA,DISTRICT,,1
Madhya Pradesh,KATNI,DISTRICT,,1
Madhya Pradesh,KHANDWA ,DISTRICT,,1
Madhya Pradesh,KHARGONE,DISTRICT,,1
Madhya Pradesh,MANDLA,DISTRICT,,1
Madhya Pradesh,MANDSAUR ,DISTRICT,,1
Madhya Pradesh,MORENA,DISTRICT,,1
Madhya Pradesh,NARSINGHPUR,DISTRICT,,1
Madhya Pradesh,NEEMUCH,DISTRICT,,1
Madhya Pradesh,PANNA,DISTRICT,,1
Madhya Pradesh,RAISEN,DISTRICT,,1
Madhya Pradesh,RAJGARH,DISTRICT,,1
Madhya Pradesh,RATLAM,DISTRICT,,1
Madhya Pradesh,REWA,DISTRICT,,1
Madhya Pradesh,SAGAR,DISTRICT,,1
Madhya Pradesh,SATNA,DISTRICT,,1
Madhya Pradesh,SEHORE,DISTRICT,,1
Madhya Pradesh,SEONI,DISTRICT,,1
Madhya Pradesh,SHAHDOL,DISTRICT,,1
Madhya Pradesh,SHAJAPUR,DISTRICT,,1
Madhya Pradesh,SHEOPUR,DISTRICT,,1
Madhya Pradesh,SHIVPURI,DISTRICT,,1
Madhya Pradesh,SIDHI,DISTRICT,,1
Madhya Pradesh,SINGRAULI,DISTRICT,,1
Madhya Pradesh,TIKAMGARH ,DISTRICT,,1
Madhya Pradesh,UJJAIN ,DISTRICT,,1
Madhya Pradesh,UMARIA,DISTRICT,,1
Madhya Pradesh,VIDISHA,DISTRICT,,1
Mizoram,AIZAWL,DISTRICT,,1
Mizoram,CHAMPHAI,DISTRICT,,1
Mizoram,KOLASIB,DISTRICT,,1
Mizoram,LAWNGTLAI,DISTRICT,,1
Mizoram,LUNGLEI,DISTRICT,,1
Mizoram,MAMIT,DISTRICT,,1
Mizoram,SAIHA,DISTRICT,,1
Mizoram,SERCHHIP,DISTRICT,,1
Nagaland,DIMAPUR,DISTRICT,,1
Nagaland,KIPHIRE,DISTRICT,,1
Nagaland,KOHIMA,DISTRICT,,1
Nagaland,LONGLENG,DISTRICT,,1
Nagaland,MOKOKCHUNG,DISTRICT,,1
Nagaland,MON,DISTRICT,,1
Nagaland,PEREN,DISTRICT,,1
Nagaland,PHEK,DISTRICT,,1
Nagaland,TUENSANG,DISTRICT,,1
Nagaland,WOKHA,DISTRICT,,1
Nagaland,ZUNHEBOTO,DISTRICT,,1
Orissa,ANGUL,DISTRICT,,1
Orissa,BALANGIR,DISTRICT,,1
Orissa,BALASORE,DISTRICT,,1
Orissa,BARGARH,DISTRICT,,1
Orissa,BHADRAK,DISTRICT,,1
Orissa,BOUDH,DISTRICT,,1
Orissa,CUTTACK,DISTRICT,,1
Orissa,DEOGARH,DISTRICT,,1
Orissa,DHENKANAL,DISTRICT,,1
Orissa,GAJAPATI,DISTRICT,,1
Orissa,GANJAM,DISTRICT,,1
Orissa,JAGATSINGHAPUR,DISTRICT,,1
Orissa,JAJPUR,DISTRICT,,1
Orissa,JHARSUGUDA,DISTRICT,,1
Orissa,KALAHANDI,DISTRICT,,1
Orissa,KANDHAMAL,DISTRICT,,1
Orissa,KENDRAPARA,DISTRICT,,1
Orissa,KENDUJHAR (KEONJHAR),DISTRICT,,1
Orissa,KHORDHA,DISTRICT,,1
Orissa,KORAPUT,DISTRICT,,1
Orissa,MALKANGIRI,DISTRICT,,1
Orissa,MAYURBHANJ,DISTRICT,,1
Orissa,NABARANGPUR,DISTRICT,,1
Orissa,NAYAGARH,DISTRICT,,1
Orissa,NUAPADA,DISTRICT,,1
Orissa,PURI,DISTRICT,,1
Orissa,RAYAGADA,DISTRICT,,1
Orissa,SAMBALPUR,DISTRICT,,1
Orissa,SONEPUR,DISTRICT,,1
Orissa,SUNDARGARH,DISTRICT,,1
Punjab,AJITGARH,DISTRICT,,1
Punjab,AMRITSAR,DISTRICT,,1
Punjab,BARNALA,DISTRICT,,1
Punjab,BATHINDA,DISTRICT,,1
Punjab,FARIDKOT,DISTRICT,,1
Punjab,FATEHGARHSAHIB,DISTRICT,,1
Punjab,FAZILKA,DISTRICT,,1
Punjab,FIROZPUR,DISTRICT,,1
Punjab,GURDASPUR,DISTRICT,,1
Punjab,HOSHIARPUR,DISTRICT,,1
Punjab,JALANDHAR,DISTRICT,,1
Punjab,KAPURTHALA,DISTRICT,,1
Punjab,LUDHIANA,DISTRICT,,1
Punjab,MANSA,DISTRICT,,1
Punjab,MOGA,DISTRICT,,1
Punjab,MUKTSAR,DISTRICT,,1
Punjab,NAWANSHAHR,DISTRICT,,1
Punjab,PATHANKOT,DISTRICT,,1
Punjab,PATIALA,DISTRICT,,1
Punjab,ROPAR,DISTRICT,,1
Punjab,SANGRUR,DISTRICT,,1
Punjab,TARNTARAN,DISTRICT,,1
Pondicherry,KARAIKAL,DISTRICT,,1
Pondicherry,MAHE,DISTRICT,,1
Pondicherry,PONDICHERRY,DISTRICT,,1
Pondicherry,YANAM,DISTRICT,,1
Rajasthan,AJMER,DISTRICT,,1
Rajasthan,ALWAR,DISTRICT,,1
Rajasthan,BANSWARA,DISTRICT,,1
Rajasthan,BARAN,DISTRICT,,1
Rajasthan,BARMER,DISTRICT,,1
Rajasthan,BHARATPUR,DISTRICT,,1
Rajasthan,BHILWARA,DISTRICT,,1
Rajasthan,BIKANER,DISTRICT,,1
Rajasthan,BUNDI,DISTRICT,,1
Rajasthan,CHITTORGARH,DISTRICT,,1
Rajasthan,CHURU,DISTRICT,,1
Rajasthan,DAUSA,DISTRICT,,1
Rajasthan,DHOLPUR,DISTRICT,,1
Rajasthan,DUNGARPUR,DISTRICT,,1
Rajasthan,HANUMANGARH,DISTRICT,,1
Rajasthan,JAIPUR,DISTRICT,,1
Rajasthan,JAISALMER,DISTRICT,,1
Rajasthan,JALOR,DISTRICT,,1
Rajasthan,JHALAWAR,DISTRICT,,1
Rajasthan,JHUNJHUNU,DISTRICT,,1
Rajasthan,JODHPUR,DISTRICT,,1
Rajasthan,KARAULI,DISTRICT,,1
Rajasthan,KOTA,DISTRICT,,1
Rajasthan,NAGAUR,DISTRICT,,1
Rajasthan,PALI,DISTRICT,,1
Rajasthan,PRATAPGARH[2],DISTRICT,,1
Rajasthan,RAJSAMAND,DISTRICT,,1
Rajasthan,SAWAI MADHOPUR,DISTRICT,,1
Rajasthan,SIKAR,DISTRICT,,1
Rajasthan,SIROHI,DISTRICT,,1
Rajasthan,SRI GANGANAGAR,DISTRICT,,1
Rajasthan,TONK,DISTRICT,,1
Rajasthan,UDAIPUR,DISTRICT,,1
Sikkim,EAST SIKKIM,DISTRICT,,1
Sikkim,NORTH SIKKIM,DISTRICT,,1
Sikkim,SOUTH SIKKIM,DISTRICT,,1
Sikkim,WEST SIKKIM,DISTRICT,,1
TELENGANA,ADILABAD,DISTRICT,,1
TELENGANA,HYDERABAD,DISTRICT,,1
TELENGANA,KARIMNAGAR,DISTRICT,,1
TELENGANA,KHAMMAM,DISTRICT,,1
TELENGANA,MAHBOOBNAGAR,DISTRICT,,1
TELENGANA,MEDAK,DISTRICT,,1
TELENGANA,NALGONDA,DISTRICT,,1
TELENGANA,NIZAMABAD,DISTRICT,,1
TELENGANA,RANGA REDDY,DISTRICT,,1
TELENGANA,WARANGAL,DISTRICT,,1
Tamil Nadu,ARIYALUR,DISTRICT,,1
Tamil Nadu,CHENNAI,DISTRICT,,1
Tamil Nadu,COIMBATORE,DISTRICT,,1
Tamil Nadu,CUDDALORE,DISTRICT,,1
Tamil Nadu,DHARMAPURI,DISTRICT,,1
Tamil Nadu,DINDIGUL,DISTRICT,,1
Tamil Nadu,ERODE,DISTRICT,,1
Tamil Nadu,KANCHIPURAM,DISTRICT,,1
Tamil Nadu,KANYAKUMARI,DISTRICT,,1
Tamil Nadu,KARUR,DISTRICT,,1
Tamil Nadu,KRISHNAGIRI,DISTRICT,,1
Tamil Nadu,MADURAI,DISTRICT,,1
Tamil Nadu,NAGAPATTINAM,DISTRICT,,1
Tamil Nadu,NAMAKKAL,DISTRICT,,1
Tamil Nadu,NILGIRIS,DISTRICT,,1
Tamil Nadu,PERAMBALUR,DISTRICT,,1
Tamil Nadu,PUDUKKOTTAI,DISTRICT,,1
Tamil Nadu,RAMANATHAPURAM,DISTRICT,,1
Tamil Nadu,SALEM,DISTRICT,,1
Tamil Nadu,SIVAGANGA,DISTRICT,,1
Tamil Nadu,THANJAVUR,DISTRICT,,1
Tamil Nadu,THENI,DISTRICT,,1
Tamil Nadu,THOOTHUKUDI (TUTICORIN),DISTRICT,,1
Tamil Nadu,TIRUCHIRAPPALLI,DISTRICT,,1
Tamil Nadu,TIRUNELVELI,DISTRICT,,1
Tamil Nadu,TIRUPPUR,DISTRICT,,1
Tamil Nadu,TIRUVALLUR,DISTRICT,,1
Tamil Nadu,TIRUVANNAMALAI,DISTRICT,,1
Tamil Nadu,TIRUVARUR,DISTRICT,,1
Tamil Nadu,VELLORE,DISTRICT,,1
Tamil Nadu,VILUPPURAM,DISTRICT,,1
Tamil Nadu,VIRUDHUNAGAR,DISTRICT,,1
Tripura,DHALAI,DISTRICT,,1
Tripura,GOMATI,DISTRICT,,1
Tripura,KHOWAI,DISTRICT,,1
Tripura,NORTH TRIPURA,DISTRICT,,1
Tripura,SIPAHIJALA,DISTRICT,,1
Tripura,SOUTH TRIPURA,DISTRICT,,1
Tripura,UNAKOTI,DISTRICT,,1
Tripura,WEST TRIPURA,DISTRICT,,1
UTTARANCHAL,ALMORA,DISTRICT,,1
UTTARANCHAL,BAGESHWAR,DISTRICT,,1
UTTARANCHAL,CHAMOLI,DISTRICT,,1
UTTARANCHAL,CHAMPAWAT,DISTRICT,,1
UTTARANCHAL,DEHRADUN,DISTRICT,,1
UTTARANCHAL,HARIDWAR,DISTRICT,,1
UTTARANCHAL,NAINITAL,DISTRICT,,1
UTTARANCHAL,PAURI GARHWAL,DISTRICT,,1
UTTARANCHAL,PITHORAGARH,DISTRICT,,1
UTTARANCHAL,RUDRAPRAYAG,DISTRICT,,1
UTTARANCHAL,TEHRI GARHWAL,DISTRICT,,1
UTTARANCHAL,UDHAM SINGH NAGAR,DISTRICT,,1
UTTARANCHAL,UTTARKASHI,DISTRICT,,1
Uttar Pradesh,AGRA,DISTRICT,,1
Uttar Pradesh,ALIGARH,DISTRICT,,1
Uttar Pradesh,ALLAHABAD,DISTRICT,,1
Uttar Pradesh,AMBEDKAR NAGAR,DISTRICT,,1
Uttar Pradesh,AMETHI,DISTRICT,,1
Uttar Pradesh,AMROHA,DISTRICT,,1
Uttar Pradesh,AURAIYA,DISTRICT,,1
Uttar Pradesh,AZAMGARH,DISTRICT,,1
Uttar Pradesh,BADAUN,DISTRICT,,1
Uttar Pradesh,BAGPAT,DISTRICT,,1
Uttar Pradesh,BAHRAICH,DISTRICT,,1
Uttar Pradesh,BALARAMPUR,DISTRICT,,1
Uttar Pradesh,BALLIA,DISTRICT,,1
Uttar Pradesh,BANDA,DISTRICT,,1
Uttar Pradesh,BARABANKI,DISTRICT,,1
Uttar Pradesh,BAREILLY,DISTRICT,,1
Uttar Pradesh,BASTI,DISTRICT,,1
Uttar Pradesh,BIJNOR,DISTRICT,,1
Uttar Pradesh,BULANDSHAHR,DISTRICT,,1
Uttar Pradesh,CHANDAULI,DISTRICT,,1
Uttar Pradesh,CHITRAKOOT,DISTRICT,,1
Uttar Pradesh,DEORIA,DISTRICT,,1
Uttar Pradesh,DEVIPATAN,DISTRICT,,1
Uttar Pradesh,ETAH,DISTRICT,,1
Uttar Pradesh,ETAWAH,DISTRICT,,1
Uttar Pradesh,FAIZABAD,DISTRICT,,1
Uttar Pradesh,FARRUKHABAD,DISTRICT,,1
Uttar Pradesh,FATEHPUR,DISTRICT,,1
Uttar Pradesh,FIROZABAD,DISTRICT,,1
Uttar Pradesh,GAUTAM,DISTRICT,,1
Uttar Pradesh,GHAZIABAD,DISTRICT,,1
Uttar Pradesh,GHAZIPUR,DISTRICT,,1
Uttar Pradesh,GONDA,DISTRICT,,1
Uttar Pradesh,GORAKHPUR,DISTRICT,,1
Uttar Pradesh,HAMIRPUR,DISTRICT,,1
Uttar Pradesh,HAPUR,DISTRICT,,1
Uttar Pradesh,HARDOI,DISTRICT,,1
Uttar Pradesh,HATHRAS,DISTRICT,,1
Uttar Pradesh,JALAUN,DISTRICT,,1
Uttar Pradesh,JAUNPUR,DISTRICT,,1
Uttar Pradesh,JHANSI,DISTRICT,,1
Uttar Pradesh,KANNAUJ,DISTRICT,,1
Uttar Pradesh,KANPURDEHAT,DISTRICT,,1
Uttar Pradesh,KANPURNAGAR,DISTRICT,,1
Uttar Pradesh,KASGANJ,DISTRICT,,1
Uttar Pradesh,KAUSHAMBI,DISTRICT,,1
Uttar Pradesh,KUSHINAGAR,DISTRICT,,1
Uttar Pradesh,LAKHIMPUR,DISTRICT,,1
Uttar Pradesh,LALITPUR,DISTRICT,,1
Uttar Pradesh,LUCKNOW,DISTRICT,,1
Uttar Pradesh,MAHARAJGANJ,DISTRICT,,1
Uttar Pradesh,MAHOBA,DISTRICT,,1
Uttar Pradesh,MAINPURI,DISTRICT,,1
Uttar Pradesh,MATHURA,DISTRICT,,1
Uttar Pradesh,MAU,DISTRICT,,1
Uttar Pradesh,MEERUT,DISTRICT,,1
Uttar Pradesh,MIRZAPUR,DISTRICT,,1
Uttar Pradesh,MORADABAD,DISTRICT,,1
Uttar Pradesh,MUZAFFARNAGAR,DISTRICT,,1
Uttar Pradesh,PILIBHIT,DISTRICT,,1
Uttar Pradesh,PRATAPGARH,DISTRICT,,1
Uttar Pradesh,RAEBARELI,DISTRICT,,1
Uttar Pradesh,RAMPUR,DISTRICT,,1
Uttar Pradesh,SAHARANPUR,DISTRICT,,1
Uttar Pradesh,SAMBHAL,DISTRICT,,1
Uttar Pradesh,SANTKABIR,DISTRICT,,1
Uttar Pradesh,SANTRAVIDAS,DISTRICT,,1
Uttar Pradesh,SHAHJAHANPUR,DISTRICT,,1
Uttar Pradesh,SHAMLI,DISTRICT,,1
Uttar Pradesh,SHRAVASTI,DISTRICT,,1
Uttar Pradesh,SIDDHARTHNAGAR,DISTRICT,,1
Uttar Pradesh,SITAPUR,DISTRICT,,1
Uttar Pradesh,SONBHADRA,DISTRICT,,1
Uttar Pradesh,SULTANPUR,DISTRICT,,1
Uttar Pradesh,UNNAO,DISTRICT,,1
Uttar Pradesh,VARANASI,DISTRICT,,1
West Bengal,BANKURA,DISTRICT,,1
West Bengal,BARDHAMAN,DISTRICT,,1
West Bengal,BIRBHUM,DISTRICT,,1
West Bengal,COOCH BEHAR,DISTRICT,,1
West Bengal,DARJEELING,DISTRICT,,1
West Bengal,EAST MIDNAPORE,DISTRICT,,1
West Bengal,HOOGHLY,DISTRICT,,1
West Bengal,HOWRAH,DISTRICT,,1
West Bengal,JALPAIGURI,DISTRICT,,1
West Bengal,KOLKATA,DISTRICT,,1
West Bengal,MALDA,DISTRICT,,1
West Bengal,MURSHIDABAD,DISTRICT,,1
West Bengal,NADIA,DISTRICT,,1
West Bengal,NORTH 24 PARGANAS,DISTRICT,,1
West Bengal,NORTH DINAJPUR,DISTRICT,,1
West Bengal,PURULIA,DISTRICT,,1
West Bengal,SOUTH 24 PARGANAS,DISTRICT,,1
West Bengal,SOUTH DINAJPUR,DISTRICT,,1
West Bengal,WEST MIDNAPORE,DISTRICT,,1
